{"cameraMode":{"drawMode":0,"name":"Shaded","section":"Shading Mode"},"sceneLighting":true,"audioPlay":false,"sceneViewState":{"m_AlwaysRefresh":false,"showFog":true,"showSkybox":true,"showFlares":true,"showImageEffects":true,"showParticleSystems":true,"showVisualEffectGraphs":true,"m_FxEnabled":true},"in2DMode":false,"pivot":{"x":-1.1845073699951172,"y":-1.4408149719238282,"z":0.35312986373901369},"rotation":{"x":0.2803887128829956,"y":-0.4203263819217682,"z":0.13835938274860383,"w":0.8518025875091553},"size":7.352972984313965,"orthographic":false}