{"cameraMode":{"drawMode":0,"name":"Shaded","section":"Shading Mode"},"sceneLighting":true,"audioPlay":false,"sceneViewState":{"m_AlwaysRefresh":false,"showFog":true,"showSkybox":true,"showFlares":true,"showImageEffects":true,"showParticleSystems":true,"showVisualEffectGraphs":true,"m_FxEnabled":true},"in2DMode":false,"pivot":{"x":-1.953932762145996,"y":0.42904460430145266,"z":0.9724698066711426},"rotation":{"x":-0.07302717119455338,"y":0.9173436164855957,"z":-0.1987011432647705,"w":-0.33714455366134646},"size":3.2406082153320314,"orthographic":false}