{"cameraMode":{"drawMode":0,"name":"Shaded","section":"Shading Mode"},"sceneLighting":true,"audioPlay":false,"sceneViewState":{"m_AlwaysRefresh":false,"showFog":true,"showSkybox":true,"showFlares":true,"showImageEffects":true,"showParticleSystems":true,"showVisualEffectGraphs":true,"m_FxEnabled":true},"in2DMode":false,"pivot":{"x":-0.4177367687225342,"y":0.3285871744155884,"z":-0.27324843406677248},"rotation":{"x":-0.07302717119455338,"y":0.9173436164855957,"z":-0.1987011432647705,"w":-0.33714455366134646},"size":3.680980682373047,"orthographic":false}